Workbook

Sheet DATA INPUT
A1: Date: | B1: 38333 | C1: =UPPER(TEXT(B1,"DDD")) -> SUN
A2: Link: | B2: 1 | D2: 2
A3: Time | B3: Base | C3: Average | D3: Base | E3: Average
A4: 0 | B4: 134 | C4: 140 | D4: 138 | E4: 186
A5: 0.0034722222 | B5: 134 | C5: 140 | D5: 137 | E5: 186
A6: 0.0069444444 | B6: 134 | C6: 140 | D6: 137 | E6: 186
A7: 0.010416667 | B7: 130 | C7: 140 | D7: 137 | E7: 186
A8: 0.013888889 | B8: 130 | C8: 140 | D8: 136 | E8: 186
A9: 0.017361111 | B9: 130 | C9: 140 | D9: 136 | E9: 186
A10: 0.020833333 | B10: 130 | C10: 140 | D10: 136 | E10: 186
A11: 0.024305556 | B11: 128 | C11: 140 | D11: 136 | E11: 186
A12: 0.027777778 | B12: 128 | C12: 140 | D12: 135 | E12: 186
A13: 0.03125 | B13: 128 | C13: 140 | D13: 135 | E13: 186
A14: 0.034722222 | B14: 128 | C14: 140 | D14: 135 | E14: 186
A15: 0.038194444 | B15: 128 | C15: 140 | D15: 136 | E15: 186
... A291: 0.99652778 | B291: 137 | C291: 140 | D291: 136 | E291: 161

Sheet Lendlease M1M3
A1: Date: | B1: ='DATA INPUT'!B1 -> 38333 | C1: =UPPER(TEXT(B1,"DDD")) -> SUN
B2: 1 | C2: =VLOOKUP(B2,$I$78:$J$88,2,FALSE)&CHAR(10)&UPPER(TEXT($B$1,"DDD"))&" "&TEXT($B$1,"DD/MM/YYYY") -> SB (Link 1) Kessels Road to Gateway Overpass SUN 12/12/2004 | D2: 2 | E2: =VLOOKUP(D2,$I$78:$J$88,2,FALSE)&CHAR(10)&UPPER(TEXT($B$1,"DDD"))&" "&TEXT($B$1,"DD/MM/YYYY") -> SB (Link 2) Gateway Overpass to Rochedale Offramp SUN 12/12/2004 | F2: SB | G2: =VLOOKUP(F2,$I$78:$J$81,2,FALSE)&CHAR(10)&UPPER(TEXT('DATA INPUT'!$B$1,"DDD"))&" "&TEXT('DATA INPUT'!$B$1,"DD/MM/YYYY") -> SB (Links 1-3)Kessels Road to Rochedale Offramp SUN 12/12/2004
A3: Time | B3: Base | C3: Average | D3: Base | E3: Average | F3: Base | G3: Average | H3: Max:
A4: 0 | B4: ='DATA INPUT'!B4/60 -> 2.2333333 | C4: ='DATA INPUT'!C4/60 -> 2.3333333 | D4: ='DATA INPUT'!D4/60 -> 2.3 | E4: ='DATA INPUT'!E4/60 -> 3.1 | F4: 5 | G4: =E4+C4 -> 5.4333333 | H4: =MAX(B4:E291) -> 10.066667
A5: 0.0034722222 | B5: ='DATA INPUT'!B5/60 -> 2.2333333 | C5: ='DATA INPUT'!C5/60 -> 2.3333333 | D5: ='DATA INPUT'!D5/60 -> 2.2833333 | E5: ='DATA INPUT'!E5/60 -> 3.1 | F5: =B5+D5 -> 4.5166667 | G5: =E5+C5 -> 5.4333333
A6: 0.0069444444 | B6: ='DATA INPUT'!B6/60 -> 2.2333333 | C6: ='DATA INPUT'!C6/60 -> 2.3333333 | D6: ='DATA INPUT'!D6/60 -> 2.2833333 | E6: ='DATA INPUT'!E6/60 -> 3.1 | F6: =B6+D6 -> 4.5166667 | G6: =E6+C6 -> 5.4333333
A7: 0.010416667 | B7: ='DATA INPUT'!B7/60 -> 2.1666667 | C7: ='DATA INPUT'!C7/60 -> 2.3333333 | D7: ='DATA INPUT'!D7/60 -> 2.2833333 | E7: ='DATA INPUT'!E7/60 -> 3.1 | F7: =B7+D7 -> 4.45 | G7: =E7+C7 -> 5.4333333
A8: 0.013888889 | B8: ='DATA INPUT'!B8/60 -> 2.1666667 | C8: ='DATA INPUT'!C8/60 -> 2.3333333 | D8: ='DATA INPUT'!D8/60 -> 2.2666667 | E8: ='DATA INPUT'!E8/60 -> 3.1 | F8: =B8+D8 -> 4.4333333 | G8: =E8+C8 -> 5.4333333
A9: 0.017361111 | B9: ='DATA INPUT'!B9/60 -> 2.1666667 | C9: ='DATA INPUT'!C9/60 -> 2.3333333 | D9: ='DATA INPUT'!D9/60 -> 2.2666667 | E9: ='DATA INPUT'!E9/60 -> 3.1 | F9: =B9+D9 -> 4.4333333 | G9: =E9+C9 -> 5.4333333
A10: 0.020833333 | B10: ='DATA INPUT'!B10/60 -> 2.1666667 | C10: ='DATA INPUT'!C10/60 -> 2.3333333 | D10: ='DATA INPUT'!D10/60 -> 2.2666667 | E10: ='DATA INPUT'!E10/60 -> 3.1 | F10: =B10+D10 -> 4.4333333 | G10: =E10+C10 -> 5.4333333
A11: 0.024305556 | B11: ='DATA INPUT'!B11/60 -> 2.1333333 | C11: ='DATA INPUT'!C11/60 -> 2.3333333 | D11: ='DATA INPUT'!D11/60 -> 2.2666667 | E11: ='DATA INPUT'!E11/60 -> 3.1 | F11: =B11+D11 -> 4.4 | G11: =E11+C11 -> 5.4333333
A12: 0.027777778 | B12: ='DATA INPUT'!B12/60 -> 2.1333333 | C12: ='DATA INPUT'!C12/60 -> 2.3333333 | D12: ='DATA INPUT'!D12/60 -> 2.25 | E12: ='DATA INPUT'!E12/60 -> 3.1 | F12: =B12+D12 -> 4.3833333 | G12: =E12+C12 -> 5.4333333
A13: 0.03125 | B13: ='DATA INPUT'!B13/60 -> 2.1333333 | C13: ='DATA INPUT'!C13/60 -> 2.3333333 | D13: ='DATA INPUT'!D13/60 -> 2.25 | E13: ='DATA INPUT'!E13/60 -> 3.1 | F13: =B13+D13 -> 4.3833333 | G13: =E13+C13 -> 5.4333333
A14: 0.034722222 | B14: ='DATA INPUT'!B14/60 -> 2.1333333 | C14: ='DATA INPUT'!C14/60 -> 2.3333333 | D14: ='DATA INPUT'!D14/60 -> 2.25 | E14: ='DATA INPUT'!E14/60 -> 3.1 | F14: =B14+D14 -> 4.3833333 | G14: =E14+C14 -> 5.4333333
A15: 0.038194444 | B15: ='DATA INPUT'!B15/60 -> 2.1333333 | C15: ='DATA INPUT'!C15/60 -> 2.3333333 | D15: ='DATA INPUT'!D15/60 -> 2.2666667 | E15: ='DATA INPUT'!E15/60 -> 3.1 | F15: =B15+D15 -> 4.4 | G15: =E15+C15 -> 5.4333333
A16: 0.041666667 | B16: ='DATA INPUT'!B16/60 -> 2.1333333 | C16: ='DATA INPUT'!C16/60 -> 2.3333333 | D16: ='DATA INPUT'!D16/60 -> 2.2666667 | E16: ='DATA INPUT'!E16/60 -> 3.1 | F16: =B16+D16 -> 4.4 | G16: =E16+C16 -> 5.4333333
... A77: 0.25347222 | B77: ='DATA INPUT'!B77/60 -> 2.1 | C77: ='DATA INPUT'!C77/60 -> 2.3333333 | D77: ='DATA INPUT'!D77/60 -> 2.2166667 | E77: ='DATA INPUT'!E77/60 -> 2.5833333 | F77: =B77+D77 -> 4.3166667 | G77: =E77+C77 -> 4.9166667
A78: 0.25694444 | B78: ='DATA INPUT'!B78/60 -> 2.1 | C78: ='DATA INPUT'!C78/60 -> 2.3333333 | D78: ='DATA INPUT'!D78/60 -> 2.2 | E78: ='DATA INPUT'!E78/60 -> 2.5833333 | F78: =B78+D78 -> 4.3 | G78: =E78+C78 -> 4.9166667 | I78: Link | J78: Description
A79: 0.26041667 | B79: ='DATA INPUT'!B79/60 -> 2.0833333 | C79: ='DATA INPUT'!C79/60 -> 2.3333333 | D79: ='DATA INPUT'!D79/60 -> 2.2 | E79: ='DATA INPUT'!E79/60 -> 2.5833333 | F79: =B79+D79 -> 4.2833333 | G79: =E79+C79 -> 4.9166667 | I79: 1 | J79: SB (Link 1) Kessels Road to Gateway Overpass
A80: 0.26388889 | B80: ='DATA INPUT'!B80/60 -> 2.0833333 | C80: ='DATA INPUT'!C80/60 -> 2.3333333 | D80: ='DATA INPUT'!D80/60 -> 2.1833333 | E80: ='DATA INPUT'!E80/60 -> 2.5833333 | F80: =B80+D80 -> 4.2666667 | G80: =E80+C80 -> 4.9166667 | I80: 2 | J80: SB (Link 2) Gateway Overpass to Rochedale Offramp
A81: 0.26736111 | B81: ='DATA INPUT'!B81/60 -> 2.0833333 | C81: ='DATA INPUT'!C81/60 -> 2.3333333 | D81: ='DATA INPUT'!D81/60 -> 2.1833333 | E81: ='DATA INPUT'!E81/60 -> 2.5833333 | F81: =B81+D81 -> 4.2666667 | G81: =E81+C81 -> 4.9166667 | I81: SB | J81: SB (Links 1-3)Kessels Road to Rochedale Offramp
A82: 0.27083333 | B82: ='DATA INPUT'!B82/60 -> 2.0833333 | C82: ='DATA INPUT'!C82/60 -> 2.3333333 | D82: ='DATA INPUT'!D82/60 -> 2.2 | E82: ='DATA INPUT'!E82/60 -> 2.5833333 | F82: =B82+D82 -> 4.2833333 | G82: =E82+C82 -> 4.9166667
A83: 0.27430556 | B83: ='DATA INPUT'!B83/60 -> 2.0666667 | C83: ='DATA INPUT'!C83/60 -> 2.3333333 | D83: ='DATA INPUT'!D83/60 -> 2.2 | E83: ='DATA INPUT'!E83/60 -> 2.5833333 | F83: =B83+D83 -> 4.2666667 | G83: =E83+C83 -> 4.9166667
A84: 0.27777778 | B84: ='DATA INPUT'!B84/60 -> 2.05 | C84: ='DATA INPUT'!C84/60 -> 2.3333333 | D84: ='DATA INPUT'!D84/60 -> 2.2166667 | E84: ='DATA INPUT'!E84/60 -> 2.5833333 | F84: =B84+D84 -> 4.2666667 | G84: =E84+C84 -> 4.9166667
A85: 0.28125 | B85: ='DATA INPUT'!B85/60 -> 2.05 | C85: ='DATA INPUT'!C85/60 -> 2.3333333 | D85: ='DATA INPUT'!D85/60 -> 2.2166667 | E85: ='DATA INPUT'!E85/60 -> 2.5666667 | F85: =B85+D85 -> 4.2666667 | G85: =E85+C85 -> 4.9
A86: 0.28472222 | B86: ='DATA INPUT'!B86/60 -> 2.0333333 | C86: ='DATA INPUT'!C86/60 -> 2.3333333 | D86: ='DATA INPUT'!D86/60 -> 2.2333333 | E86: ='DATA INPUT'!E86/60 -> 2.6 | F86: =B86+D86 -> 4.2666667 | G86: =E86+C86 -> 4.9333333
A87: 0.28819444 | B87: ='DATA INPUT'!B87/60 -> 2 | C87: ='DATA INPUT'!C87/60 -> 2.3333333 | D87: ='DATA INPUT'!D87/60 -> 2.2333333 | E87: ='DATA INPUT'!E87/60 -> 2.6 | F87: =B87+D87 -> 4.2333333 | G87: =E87+C87 -> 4.9333333
A88: 0.29166667 | B88: ='DATA INPUT'!B88/60 -> 2 | C88: ='DATA INPUT'!C88/60 -> 2.3333333 | D88: ='DATA INPUT'!D88/60 -> 2.2333333 | E88: ='DATA INPUT'!E88/60 -> 2.5833333 | F88: =B88+D88 -> 4.2333333 | G88: =E88+C88 -> 4.9166667
A89: 0.29513889 | B89: ='DATA INPUT'!B89/60 -> 1.9666667 | C89: ='DATA INPUT'!C89/60 -> 2.3333333 | D89: ='DATA INPUT'!D89/60 -> 2.25 | E89: ='DATA INPUT'!E89/60 -> 2.5833333 | F89: =B89+D89 -> 4.2166667 | G89: =E89+C89 -> 4.9166667
A90: 0.29861111 | B90: ='DATA INPUT'!B90/60 -> 1.95 | C90: ='DATA INPUT'!C90/60 -> 2.3333333 | D90: ='DATA INPUT'!D90/60 -> 2.2166667 | E90: ='DATA INPUT'!E90/60 -> 2.5833333 | F90: =B90+D90 -> 4.1666667 | G90: =E90+C90 -> 4.9166667
A91: 0.30208333 | B91: ='DATA INPUT'!B91/60 -> 1.95 | C91: ='DATA INPUT'!C91/60 -> 2.3333333 | D91: ='DATA INPUT'!D91/60 -> 2.2333333 | E91: ='DATA INPUT'!E91/60 -> 2.6833333 | F91: =B91+D91 -> 4.1833333 | G91: =E91+C91 -> 5.0166667
A92: 0.30555556 | B92: ='DATA INPUT'!B92/60 -> 1.95 | C92: ='DATA INPUT'!C92/60 -> 2.3333333 | D92: ='DATA INPUT'!D92/60 -> 2.2166667 | E92: ='DATA INPUT'!E92/60 -> 2.7666667 | F92: =B92+D92 -> 4.1666667 | G92: =E92+C92 -> 5.1
A93: 0.30902778 | B93: ='DATA INPUT'!B93/60 -> 1.95 | C93: ='DATA INPUT'!C93/60 -> 2.3333333 | D93: ='DATA INPUT'!D93/60 -> 2.2333333 | E93: ='DATA INPUT'!E93/60 -> 2.75 | F93: =B93+D93 -> 4.1833333 | G93: =E93+C93 -> 5.0833333
... A291: 0.99652778 | B291: ='DATA INPUT'!B291/60 -> 2.2833333 | C291: ='DATA INPUT'!C291/60 -> 2.3333333 | D291: ='DATA INPUT'!D291/60 -> 2.2666667 | E291: ='DATA INPUT'!E291/60 -> 2.6833333 | F291: =B291+D291 -> 4.55 | G291: =E291+C291 -> 5.0166667
